{"cameraMode":{"drawMode":0,"name":"Shaded","section":"Shading Mode"},"sceneLighting":false,"audioPlay":false,"sceneViewState":{"showFog":true,"showMaterialUpdate":false,"showSkybox":false,"showFlares":true,"showImageEffects":true,"showParticleSystems":true},"in2DMode":false,"pivot":{"x":0.2061239778995514,"y":0.2711215913295746,"z":-37.92057418823242},"rotation":{"x":0.0007851452101022005,"y":-0.9990559816360474,"z":0.040483806282281879,"w":0.020716149359941484},"size":1.769599199295044,"orthographic":false}