{"cameraMode":{"drawMode":0,"name":"Shaded","section":"Shading Mode"},"sceneLighting":false,"audioPlay":false,"sceneViewState":{"showFog":true,"showMaterialUpdate":false,"showSkybox":true,"showFlares":true,"showImageEffects":true,"showParticleSystems":true},"in2DMode":false,"pivot":{"x":-0.15178705751895905,"y":-0.034289803355932239,"z":-34.40497970581055},"rotation":{"x":0.0011996811954304577,"y":-0.9930058717727661,"z":0.11822297424077988,"w":0.009508680552244187},"size":1.7717852592468262,"orthographic":false}