{"cameraMode":{"drawMode":0,"name":"Shaded","section":"Shading Mode"},"sceneLighting":false,"audioPlay":false,"sceneViewState":{"showFog":true,"showMaterialUpdate":false,"showSkybox":true,"showFlares":true,"showImageEffects":true,"showParticleSystems":true},"in2DMode":false,"pivot":{"x":510.03326416015627,"y":59.043880462646487,"z":-5.699717998504639},"rotation":{"x":0.37411999702453616,"y":-0.6246436238288879,"z":0.4582866430282593,"w":0.5098551511764526},"size":160.07644653320313,"orthographic":false}