{"cameraMode":{"drawMode":0,"name":"Shaded","section":"Shading Mode"},"sceneLighting":false,"audioPlay":false,"sceneViewState":{"showFog":true,"showMaterialUpdate":false,"showSkybox":false,"showFlares":true,"showImageEffects":true,"showParticleSystems":true},"in2DMode":false,"pivot":{"x":5.78000020980835,"y":1.0499998331069947,"z":51.209999084472659},"rotation":{"x":0.08043469488620758,"y":0.6241334080696106,"z":-0.0648471787571907,"w":0.7745227217674255},"size":1.2247451543807984,"orthographic":false}