{"cameraMode":{"drawMode":0,"name":"Shaded","section":"Shading Mode"},"sceneLighting":false,"audioPlay":false,"sceneViewState":{"showFog":true,"showMaterialUpdate":false,"showSkybox":false,"showFlares":true,"showImageEffects":true,"showParticleSystems":true},"in2DMode":false,"pivot":{"x":6.384474277496338,"y":3.7495179176330568,"z":80.18311309814453},"rotation":{"x":0.37411999702453616,"y":-0.6246436238288879,"z":0.4582866430282593,"w":0.5098551511764526},"size":6.958354949951172,"orthographic":false}