{"cameraMode":{"drawMode":0,"name":"Shaded","section":"Shading Mode"},"sceneLighting":false,"audioPlay":false,"sceneViewState":{"showFog":true,"showMaterialUpdate":false,"showSkybox":false,"showFlares":true,"showImageEffects":true,"showParticleSystems":true},"in2DMode":false,"pivot":{"x":0.01627206802368164,"y":-0.12999999523162843,"z":0.12125623226165772},"rotation":{"x":-0.6444322466850281,"y":-0.019297344610095025,"z":0.016214800998568536,"w":-0.7643207311630249},"size":1.76960027217865,"orthographic":false}